Id;MSSubClass;MSZoning;LotFrontage;LotArea;Street;Alley;LotShape;LandContour;Utilities;LotConfig;LandSlope;Neighborhood;Condition1;Condition2;BldgType;HouseStyle;OverallQual;OverallCond;YearBuilt;YearRemodAdd;RoofStyle;RoofMatl;Exterior1st;Exterior2nd;MasVnrType;MasVnrArea;ExterQual;ExterCond;Foundation;BsmtQual;BsmtCond;BsmtExposure;BsmtFinType1;BsmtFinSF1;BsmtFinType2;BsmtFinSF2;BsmtUnfSF;TotalBsmtSF;Heating;HeatingQC;CentralAir;Electrical;1stFlrSF;2ndFlrSF;LowQualFinSF;GrLivArea;BsmtFullBath;BsmtHalfBath;FullBath;HalfBath;BedroomAbvGr;KitchenAbvGr;KitchenQual;TotRmsAbvGrd;Functional;Fireplaces;FireplaceQu;GarageType;GarageYrBlt;GarageFinish;GarageCars;GarageArea;GarageQual;GarageCond;PavedDrive;WoodDeckSF;OpenPorchSF;EnclosedPorch;3SsnPorch;ScreenPorch;PoolArea;PoolQC;Fence;MiscFeature;MiscVal;MoSold;YrSold;SaleType;SaleCondition;SalePrice
571
682
793
904
1015
1126
1237
1348
1459
110
221
332
443
515
526
537
548
559
570
582
593
604
615
626
637
648
659
670
681
693
704
715
726
737
748
759
770
781
792
804
815
826
837
848
859
870
881
892
903
915
926
937
948
959
970
981
992
1003
1014
1026
1037
1048
1059
1070
1081
1092
1103
1114
1125
1137
1148
1159
1170
1181
1192
1203
1214
1225
1236
1248
1259
1270
1281
1292
1303
1314
1325
1336
1347
1359
1370
1381
1392
1403
1414
1425
1436
1447
1458
10
21
32
43
54
65
76
87
98
109
121
132
143
154
165
176
187
198
209
220
232
243
254
265
276
287
298
309
320
331
343
354
365
376
387
398
409
420
431
442
454
465
476
487
498
509
511
512
513
514
516
517
518
519
520
521
522
523
524
525
527
528
529
530
531
532
533
534
535
536
538
539
540
541
542
543
544
545
546
547
549
550
551
552
553
554
555
556
557
558
560
561
562
563
564
565
566
567
568
569
572
573
574
575
576
577
578
579
580
581
583
584
585
586
587
588
589
590
591
592
594
595
596
597
598
599
600
601
602
603
605
606
607
608
609
610
611
612
613
614
616
617
618
619
620
621
622
623
624
625
627
628
629
630
631
632
633
634
635
636
638
639
640
641
642
643
644
645
646
647
649
650
651
652
653
654
655
656
657
658
660
661
662
663
664
665
666
667
668
669
671
672
673
674
675
676
677
678
679
680
683
684
685
686
687
688
689
690
691
692
694
695
696
697
698
699
700
701
702
703
705
706
707
708
709
710
711
712
713
714
716
717
718
719
720
721
722
723
724
725
727
728
729
730
731
732
733
734
735
736
738
739
740
741
742
743
744
745
746
747
749
750
751
752
753
754
755
756
757
758
760
761
762
763
764
765
766
767
768
769
771
772
773
774
775
776
777
778
779
780
782
783
784
785
786
787
788
789
790
791
794
795
796
797
798
799
800
801
802
803
805
806
807
808
809
810
811
812
813
814
816
817
818
819
820
821
822
823
824
825
827
828
829
830
831
832
833
834
835
836
838
839
840
841
842
843
844
845
846
847
849
850
851
852
853
854
855
856
857
858
860
861
862
863
864
865
866
867
868
869
871
872
873
874
875
876
877
878
879
880
882
883
884
885
886
887
888
889
890
891
893
894
895
896
897
898
899
900
901
902
905
906
907
908
909
910
911
912
913
914
916
917
918
919
920
921
922
923
924
925
927
928
929
930
931
932
933
934
935
936
938
939
940
941
942
943
944
945
946
947
949
950
951
952
953
954
955
956
957
958
960
961
962
963
964
965
966
967
968
969
971
972
973
974
975
976
977
978
979
980
982
983
984
985
986
987
988
989
990
991
993
994
995
996
997
998
999
1000
1001
1002
1004
1005
1006
1007
1008
1009
1010
1011
1012
1013
1016
1017
1018
1019
1020
1021
1022
1023
1024
1025
1027
1028
1029
1030
1031
1032
1033
1034
1035
1036
1038
1039
1040
1041
1042
1043
1044
1045
1046
1047
1049
1050
1051
1052
1053
1054
1055
1056
1057
1058
1060
1061
1062
1063
1064
1065
1066
1067
1068
1069
1071
1072
1073
1074
1075
1076
1077
1078
1079
1080
1082
1083
1084
1085
1086
1087
1088
1089
1090
1091
1093
1094
1095
1096
1097
1098
1099
1100
1101
1102
1104
1105
1106
1107
1108
1109
1110
1111
1112
1113
1115
1116
1117
1118
1119
1120
1121
1122
1123
1124
1127
1128
1129
1130
1131
1132
1133
1134
1135
1136
1138
1139
1140
1141
1142
1143
1144
1145
1146
1147
1149
1150
1151
1152
1153
1154
1155
1156
1157
1158
1160
1161
1162
1163
1164
1165
1166
1167
1168
1169
1171
1172
1173
1174
1175
1176
1177
1178
1179
1180
1182
1183
1184
1185
1186
1187
1188
1189
1190
1191
1193
1194
1195
1196
1197
1198
1199
1200
1201
1202
1204
1205
1206
1207
1208
1209
1210
1211
1212
1213
1215
1216
1217
1218
1219
1220
1221
1222
1223
1224
1226
1227
1228
1229
1230
1231
1232
1233
1234
1235
1238
1239
1240
1241
1242
1243
1244
1245
1246
1247
1249
1250
1251
1252
1253
1254
1255
1256
1257
1258
1260
1261
1262
1263
1264
1265
1266
1267
1268
1269
1271
1272
1273
1274
1275
1276
1277
1278
1279
1280
1282
1283
1284
1285
1286
1287
1288
1289
1290
1291
1293
1294
1295
1296
1297
1298
1299
1300
1301
1302
1304
1305
1306
1307
1308
1309
1310
1311
1312
1313
1315
1316
1317
1318
1319
1320
1321
1322
1323
1324
1326
1327
1328
1329
1330
1331
1332
1333
1334
1335
1337
1338
1339
1340
1341
1342
1343
1344
1345
1346
1349
1350
1351
1352
1353
1354
1355
1356
1357
1358
1360
1361
1362
1363
1364
1365
1366
1367
1368
1369
1371
1372
1373
1374
1375
1376
1377
1378
1379
1380
1382
1383
1384
1385
1386
1387
1388
1389
1390
1391
1393
1394
1395
1396
1397
1398
1399
1400
1401
1402
1404
1405
1406
1407
1408
1409
1410
1411
1412
1413
1415
1416
1417
1418
1419
1420
1421
1422
1423
1424
1426
1427
1428
1429
1430
1431
1432
1433
1434
1435
1437
1438
1439
1440
1441
1442
1443
1444
1445
1446
1448
1449
1450
1451
1452
1453
1454
1455
1456
1457
0
1
2
3
4
5
6
7
8
9
11
12
13
14
15
16
17
18
19
20
22
23
24
25
26
27
28
29
30
31
33
34
35
36
37
38
39
40
41
42
44
45
46
47
48
49
50
51
52
53
55
56
57
58
59
60
61
62
63
64
66
67
68
69
70
71
72
73
74
75
77
78
79
80
81
82
83
84
85
86
88
89
90
91
92
93
94
95
96
97
99
100
101
102
103
104
105
106
107
108
111
112
113
114
115
116
117
118
119
120
122
123
124
125
126
127
128
129
130
131
133
134
135
136
137
138
139
140
141
142
144
145
146
147
148
149
150
151
152
153
155
156
157
158
159
160
161
162
163
164
166
167
168
169
170
171
172
173
174
175
177
178
179
180
181
182
183
184
185
186
188
189
190
191
192
193
194
195
196
197
199
200
201
202
203
204
205
206
207
208
210
211
212
213
214
215
216
217
218
219
222
223
224
225
226
227
228
229
230
231
233
234
235
236
237
238
239
240
241
242
244
245
246
247
248
249
250
251
252
253
255
256
257
258
259
260
261
262
263
264
266
267
268
269
270
271
272
273
274
275
277
278
279
280
281
282
283
284
285
286
288
289
290
291
292
293
294
295
296
297
299
300
301
302
303
304
305
306
307
308
310
311
312
313
314
315
316
317
318
319
321
322
323
324
325
326
327
328
329
330
333
334
335
336
337
338
339
340
341
342
344
345
346
347
348
349
350
351
352
353
355
356
357
358
359
360
361
362
363
364
366
367
368
369
370
371
372
373
374
375
377
378
379
380
381
382
383
384
385
386
388
389
390
391
392
393
394
395
396
397
399
400
401
402
403
404
405
406
407
408
410
411
412
413
414
415
416
417
418
419
421
422
423
424
425
426
427
428
429
430
432
433
434
435
436
437
438
439
440
441
444
445
446
447
448
449
450
451
452
453
455
456
457
458
459
460
461
462
463
464
466
467
468
469
470
471
472
473
474
475
477
478
479
480
481
482
483
484
485
486
488
489
490
491
492
493
494
495
496
497
499
500
501
502
503
504
505
506
507
508
510
